{"R": 200.93106920415227, "G": 154.3034616747405, "B": 182.50694873356403}